{"count":1,"self":988.17198079999991,"total":2913.0030889,"children":{"InitializeActuators":{"count":6,"self":0.0010387,"total":0.0010387,"children":null},"InitializeSensors":{"count":6,"self":0.0030304,"total":0.0030304,"children":null},"AgentSendState":{"count":1340584,"self":48.8890816,"total":78.6610194,"children":{"CollectObservations":{"count":1608702,"self":5.0650536,"total":5.0650534,"children":null},"WriteActionMask":{"count":1608702,"self":0.9618728,"total":0.9618728,"children":null},"RequestDecision":{"count":1608702,"self":3.9318036,"total":23.7450126,"children":{"AgentInfo.ToProto":{"count":1608702,"self":3.8713995999999997,"total":19.813209099999998,"children":{"GenerateSensorData":{"count":1608702,"self":13.211359999999999,"total":15.9418096,"children":{"RayPerceptionSensor.Perceive":{"count":1608702,"self":2.7304497999999997,"total":2.7304497999999997,"children":null}}}}}}}}},"DecideAction":{"count":1340584,"self":1729.2500992,"total":1729.2500449,"children":null},"AgentAct":{"count":1340584,"self":116.8082816,"total":116.91344079999999,"children":{"AgentInfo.ToProto":{"count":4584,"self":0.0285208,"total":0.10516049999999999,"children":{"GenerateSensorData":{"count":4584,"self":0.0628217,"total":0.076639699999999991,"children":{"RayPerceptionSensor.Perceive":{"count":4584,"self":0.013817999999999999,"total":0.013817999999999999,"children":null}}}}}}},"AgentInfo.ToProto":{"count":343,"self":0.0010306,"total":0.0025417,"children":{"GenerateSensorData":{"count":343,"self":0.0005044,"total":0.0015111,"children":{"RayPerceptionSensor.Perceive":{"count":343,"self":0.0010067,"total":0.0010067,"children":null}}}}}},"gauges":{"ChryonAgent.CumulativeReward":{"count":4927,"max":7,"min":-131.988037,"runningAverage":-3.5541544,"value":6.91860151,"weightedAverage":6.891934}},"metadata":{"timer_format_version":"0.1.0","start_time_seconds":"1778433974","unity_version":"6000.3.10f1","command_line_arguments":"C:\\Program Files\\Unity\\Hub\\Editor\\6000.3.10f1\\Editor\\Unity.exe -projectpath C:\\Users\\Rafael\\Documents\\trabalhos\\6 semestre\\IAV\\IAV-Mundo\\IAV-Mundo -acceptSoftwareTermsForThisRunOnly -useHub -hubIPC -cloudEnvironment production","communication_protocol_version":"1.5.0","com.unity.ml-agents_version":"4.0.3","scene_name":"AgenteArtemis","end_time_seconds":"1778436887"}}