{"count":1,"self":497.5913984,"total":1462.6074428,"children":{"InitializeActuators":{"count":3,"self":0.0010050999999999999,"total":0.0010050999999999999,"children":null},"InitializeSensors":{"count":3,"self":0.0037565999999999997,"total":0.0037565999999999997,"children":null},"AgentSendState":{"count":809851,"self":16.579694399999998,"total":27.0444018,"children":{"CollectObservations":{"count":485913,"self":1.7746046,"total":1.7746046,"children":null},"WriteActionMask":{"count":485913,"self":0.3143453,"total":0.3143453,"children":null},"RequestDecision":{"count":485913,"self":1.4665487,"total":8.3757576,"children":{"AgentInfo.ToProto":{"count":485913,"self":1.4933128,"total":6.9092088999999994,"children":{"GenerateSensorData":{"count":485913,"self":4.4838528,"total":5.4158960999999994,"children":{"RayPerceptionSensor.Perceive":{"count":485913,"self":0.9320431,"total":0.9320431,"children":null}}}}}}}}},"DecideAction":{"count":809851,"self":895.4218496,"total":895.42184349999991,"children":null},"AgentAct":{"count":809851,"self":42.516422399999996,"total":42.541488799999996,"children":{"AgentInfo.ToProto":{"count":1967,"self":0.0025374,"total":0.025067199999999998,"children":{"GenerateSensorData":{"count":1967,"self":0.020427,"total":0.0225298,"children":{"RayPerceptionSensor.Perceive":{"count":1967,"self":0.0021027999999999997,"total":0.0021027999999999997,"children":null}}}}}}},"AgentInfo.ToProto":{"count":87,"self":0.0010058,"total":0.003018,"children":{"GenerateSensorData":{"count":87,"self":0.0015050999999999999,"total":0.0020122,"children":{"RayPerceptionSensor.Perceive":{"count":87,"self":0.0005071,"total":0.0005071,"children":null}}}}}},"gauges":{"ChryonAgent.CumulativeReward":{"count":2054,"max":7,"min":-21.1086349,"runningAverage":5.45336962,"value":4.069955,"weightedAverage":5.60336447}},"metadata":{"timer_format_version":"0.1.0","start_time_seconds":"1778429756","unity_version":"6000.3.10f1","command_line_arguments":"C:\\Program Files\\Unity\\Hub\\Editor\\6000.3.10f1\\Editor\\Unity.exe -projectpath C:\\Users\\Rafael\\Documents\\trabalhos\\6 semestre\\IAV\\IAV-Mundo\\IAV-Mundo -acceptSoftwareTermsForThisRunOnly -useHub -hubIPC -cloudEnvironment production","communication_protocol_version":"1.5.0","com.unity.ml-agents_version":"4.0.3","scene_name":"AgenteArtemis","end_time_seconds":"1778431218"}}