{
    "name": "root",
    "gauges": {
        "ChryonAgent.Policy.Entropy.mean": {
            "value": 1.3715507984161377,
            "min": 1.3480560779571533,
            "max": 1.3867336511611938,
            "count": 49
        },
        "ChryonAgent.Policy.Entropy.sum": {
            "value": 13689.4482421875,
            "min": 2996.35888671875,
            "max": 13895.2158203125,
            "count": 49
        },
        "ChryonAgent.Environment.LessonNumber.stage.mean": {
            "value": 3.0,
            "min": 3.0,
            "max": 3.0,
            "count": 49
        },
        "ChryonAgent.Environment.LessonNumber.stage.sum": {
            "value": 3.0,
            "min": 3.0,
            "max": 3.0,
            "count": 49
        },
        "ChryonAgent.Step.mean": {
            "value": 2449994.0,
            "min": 1969980.0,
            "max": 2449994.0,
            "count": 49
        },
        "ChryonAgent.Step.sum": {
            "value": 2449994.0,
            "min": 1969980.0,
            "max": 2449994.0,
            "count": 49
        },
        "ChryonAgent.Policy.ExtrinsicValueEstimate.mean": {
            "value": 2.0501859188079834,
            "min": 0.9581659436225891,
            "max": 2.1995689868927,
            "count": 49
        },
        "ChryonAgent.Policy.ExtrinsicValueEstimate.sum": {
            "value": 373.13385009765625,
            "min": 63.00552749633789,
            "max": 402.823486328125,
            "count": 49
        },
        "ChryonAgent.Environment.EpisodeLength.mean": {
            "value": 208.58823529411765,
            "min": 152.66666666666666,
            "max": 391.42857142857144,
            "count": 49
        },
        "ChryonAgent.Environment.EpisodeLength.sum": {
            "value": 10638.0,
            "min": 1374.0,
            "max": 11010.0,
            "count": 49
        },
        "ChryonAgent.Environment.CumulativeReward.mean": {
            "value": 5.857235642733431,
            "min": 1.9380629043638085,
            "max": 6.405094894748713,
            "count": 49
        },
        "ChryonAgent.Environment.CumulativeReward.sum": {
            "value": 292.86178213667154,
            "min": 17.442566139274277,
            "max": 339.47002942168183,
            "count": 49
        },
        "ChryonAgent.Policy.ExtrinsicReward.mean": {
            "value": 5.857235642733431,
            "min": 1.9380629043638085,
            "max": 6.405094894748713,
            "count": 49
        },
        "ChryonAgent.Policy.ExtrinsicReward.sum": {
            "value": 292.86178213667154,
            "min": 17.442566139274277,
            "max": 339.47002942168183,
            "count": 49
        },
        "ChryonAgent.IsTraining.mean": {
            "value": 1.0,
            "min": 1.0,
            "max": 1.0,
            "count": 49
        },
        "ChryonAgent.IsTraining.sum": {
            "value": 1.0,
            "min": 1.0,
            "max": 1.0,
            "count": 49
        },
        "ChryonAgent.Losses.PolicyLoss.mean": {
            "value": 0.024826727566930155,
            "min": 0.01636125469425072,
            "max": 0.029319183722448846,
            "count": 46
        },
        "ChryonAgent.Losses.PolicyLoss.sum": {
            "value": 0.024826727566930155,
            "min": 0.01636125469425072,
            "max": 0.029319183722448846,
            "count": 46
        },
        "ChryonAgent.Losses.ValueLoss.mean": {
            "value": 0.6894102891286215,
            "min": 0.3512363761663437,
            "max": 1.2171469728151958,
            "count": 46
        },
        "ChryonAgent.Losses.ValueLoss.sum": {
            "value": 0.6894102891286215,
            "min": 0.3512363761663437,
            "max": 1.2171469728151958,
            "count": 46
        },
        "ChryonAgent.Policy.LearningRate.mean": {
            "value": 1.1958897608239989e-05,
            "min": 1.1958897608239989e-05,
            "max": 0.00010437307912539996,
            "count": 46
        },
        "ChryonAgent.Policy.LearningRate.sum": {
            "value": 1.1958897608239989e-05,
            "min": 1.1958897608239989e-05,
            "max": 0.00010437307912539996,
            "count": 46
        },
        "ChryonAgent.Policy.Epsilon.mean": {
            "value": 0.10239176000000003,
            "min": 0.10239176000000003,
            "max": 0.12087460000000001,
            "count": 46
        },
        "ChryonAgent.Policy.Epsilon.sum": {
            "value": 0.10239176000000003,
            "min": 0.10239176000000003,
            "max": 0.12087460000000001,
            "count": 46
        },
        "ChryonAgent.Policy.Beta.mean": {
            "value": 0.0001293488239999999,
            "min": 0.0001293488239999999,
            "max": 0.0010516425400000004,
            "count": 46
        },
        "ChryonAgent.Policy.Beta.sum": {
            "value": 0.0001293488239999999,
            "min": 0.0001293488239999999,
            "max": 0.0010516425400000004,
            "count": 46
        }
    },
    "metadata": {
        "timer_format_version": "0.1.0",
        "start_time_seconds": "1778429746",
        "python_version": "3.10.11 (tags/v3.10.11:7d4cc5a, Apr  5 2023, 00:38:17) [MSC v.1929 64 bit (AMD64)]",
        "command_line_arguments": "C:\\Users\\Rafael\\Documents\\trabalhos\\6 semestre\\IAV\\mlagents-env\\Scripts\\mlagents-learn ChryonAgent_curriculum.yaml --run-id=chryon_04 --resume",
        "mlagents_version": "1.1.0",
        "mlagents_envs_version": "1.1.0",
        "communication_protocol_version": "1.5.0",
        "pytorch_version": "2.1.1+cpu",
        "numpy_version": "1.23.5",
        "end_time_seconds": "1778431218"
    },
    "total": 1472.1131086999994,
    "count": 1,
    "self": 0.011013999999704538,
    "children": {
        "run_training.setup": {
            "total": 0.12190129999726196,
            "count": 1,
            "self": 0.12190129999726196
        },
        "TrainerController.start_learning": {
            "total": 1471.9801934000025,
            "count": 1,
            "self": 5.0714280007450725,
            "children": {
                "TrainerController._reset_env": {
                    "total": 10.821115599999757,
                    "count": 1,
                    "self": 10.821115599999757
                },
                "TrainerController.advance": {
                    "total": 1455.9788986992571,
                    "count": 163993,
                    "self": 5.465094399907684,
                    "children": {
                        "env_step": {
                            "total": 1310.440167499899,
                            "count": 163993,
                            "self": 1061.3279247985993,
                            "children": {
                                "SubprocessEnvManager._take_step": {
                                    "total": 246.68972880058936,
                                    "count": 163993,
                                    "self": 8.468250900921703,
                                    "children": {
                                        "TorchPolicy.evaluate": {
                                            "total": 238.22147789966766,
                                            "count": 161968,
                                            "self": 238.22147789966766
                                        }
                                    }
                                },
                                "workers": {
                                    "total": 2.422513900710328,
                                    "count": 163992,
                                    "self": 0.0,
                                    "children": {
                                        "worker_root": {
                                            "total": 1456.2278102998862,
                                            "count": 163992,